 ,S&P,Moody's,Fitch,DBRS,TE
Albania,B+,B1,,,26
Andorra,BBB,,BBB+,,62
Angola,CCC+,B3,B-,,23
Argentina,SD,Ca,C,CC,10
Armenia,,Ba3,BB-,,16
Aruba,BBB+,,BB,,55
Australia,AAA,Aaa,AAA,AAA,100
Austria,AA+,Aa1,AA+,AAA,96
Azerbaijan,BB+,Ba2,BB+,,48
Bahamas,BB,Baa3,,,52
Bahrain,B+,B2,BB-,,35
Bangladesh,BB-,Ba3,BB-,,40
Barbados,B-,Caa1,,,22
Belarus,B,B3,B,,26
Belgium,AA,Aa3,AA-,AA (high),86
Belize,CCC,B3,,,25
Benin,B+,B2,B,,31
Bermuda,A+,A2,N/A,,78
Bolivia,B+,B1,B+,,36
Bosnia and Herzegovina,B,B3,,,27
Botswana,BBB+,A2,,,72
Brazil,BB-,Ba2,BB-,BB (low),42
Bulgaria,BBB,Baa2,BBB,,60
Burkina Faso,B,,,,25
Cambodia,N/A,B2,,,30
Cameroon,B-,B2,B,,28
Canada,AAA,Aaa,AAA,AAA,99
Cape Verde,B,,B-,,30
Cayman Islands,,Aa3,,,85
Chile,A+,A1,A,N/A,78
China,A+,A1,A+,A (high),80
Colombia,BBB-,Baa2,BBB-,BBB,57
Congo,CCC+,Caa1,,,20
Costa Rica,B+,B2,B+,,35
Croatia,BBB-,Ba2,BBB-,,51
Cuba,,Caa2,,,15
Cyprus,BBB-,Ba2,BBB-,BBB (low),50
Czech Republic,AA-,Aa3,AA-,,83
Denmark,AAA,Aaa,AAA,AAA,100
Dominican Republic,BB-,Ba3,BB-,,40
Ecuador,SD,Caa3,RD,,13
Egypt,B,B2,B+,,30
El Salvador,B-,B3,B-,,25
Estonia,AA-,A1,AA-,AA (low),83
Ethiopia,B,B1,B,,31
European Union,AA,Aaa,AAA,AAA,98
Fiji,BB-,Ba3,,,37
Finland,AA+,Aa1,AA+,AA (high),96
France,AA,Aa2,AA,AAA,92
Gabon,N/A,Caa1,CCC,,26
Georgia,BB,Ba2,BB,,45
Germany,AAA,Aaa,AAA,AAA,100
Ghana,B,B3,B,,23
Greece,BB-,B1,BB,BB (low),37
Grenada,SD,,,,
Guatemala,BB-,Ba1,BB-,,45
Honduras,BB-,B1,,,35
Hong Kong,AA+,Aa3,AA-,,90
Hungary,BBB,Baa3,BBB,,58
Iceland,A,A2,A,,73
India,BBB-,Baa2,BBB-,BBB,57
Indonesia,BBB,Baa2,BBB,,60
Iraq,B-,Caa1,B-,,23
Ireland,AA-,A2,A+,A (high),78
Isle of Man,N/A,Aa2,,,90
Israel,AA-,A1,A+,,81
Italy,BBB,Baa3,BBB-,BBB (high),62
Ivory Coast,,Ba3,B+,,37
Jamaica,B+,B2,B+,,33
Japan,A+,A1,A,A (high),77
Jordan,B+,B1,BB-,,35
Kazakhstan,BBB-,Baa3,BBB,,56
Kenya,B+,B2,B+,,35
Kuwait,AA-,Aa2,AA,,88
Kyrgyzstan,NR,B2,,,30
Laos,,B3,B-,,25
Latvia,A+,A3,A-,A (low),73
Lebanon,SD,Ca,RD,,11
Lesotho,,,B,,35
Liechtenstein,AAA,,,,100
Lithuania,A+,A3,A,A,73
Luxembourg,AAA,Aaa,AAA,AAA,100
Macau,,Aa3,AA,,87
Macedonia,BB-,,BB+,,42
Malaysia,A-,A3,A-,,70
Maldives,,B2,B,,32
Mali,,B3,,,
Malta,A-,A2,A+,A (high),75
Mauritius,,Baa1,,,65
Mexico,BBB,Baa1,BBB-,BBB (high),61
Moldova,,B3,,,25
Mongolia,B,B3,B,,26
Montenegro,B+,B1,,,35
Montserrat,BBB-,,,,55
Morocco,BBB-,Ba1,BBB-,,53
Mozambique,CCC+,Caa2,CCC,,14
Namibia,,Ba2,BB,,47
Netherlands,AAA,Aaa,AAA,AAA,100
New Zealand,AA,Aaa,AA,,93
Nicaragua,B-,B3,B-,,26
Niger,,B3,,,
Nigeria,B-,B2,B,,30
Norway,AAA,Aaa,AAA,AAA,99
Oman,BB-,Ba2,BB,,43
Pakistan,B-,B3,B-,,25
Panama,BBB+,Baa1,BBB,,63
Papua New Guinea,B-,B2,,,30
Paraguay,BB,Ba1,BB+,,46
Peru,BBB+,A3,BBB+,N/A,65
Philippines,BBB+,Baa2,BBB,,61
Poland,A-,A2,A-,A,71
Portugal,BBB,Baa3,BBB,BBB (high),71
Puerto Rico,D,,,,0
Qatar,AA-,Aa3,AA-,,85
Republic of the Congo,B-,Caa2,CCC,,20
Romania,BBB-,Baa3,BBB-,,55
Russia,BBB-,Baa3,BBB,,55
Rwanda,B+,B2,B+,,31
San Marino,,,BB+,,55
Saudi Arabia,A-,A1,A,,76
Senegal,B+,Ba3,,,37
Serbia,BB+,Ba3,BB+,,45
Seychelles,,,BB,,40
Singapore,AAA,Aaa,AAA,AAA,98
Slovakia,A+,A2,A+,A (high),78
Slovenia,AA-,Baa1,A,A (high),75
Solomon Islands,,B3,,,25
South Africa,BB,Ba1,BB,,48
South Korea,AA,Aa2,AA-,,86
Spain,A,Baa1,A-,A,70
Sri Lanka,B,B2,B-,,30
St Vincent and the Grenadines,,B3,,,25
Suriname,CCC+,B3,CCC,,23
Swaziland,,B2,,,30
Sweden,AAA,Aaa,AAA,AAA,99
Switzerland,AAA,Aaa,AAA,AAA,100
Taiwan,AA-,Aa3,AA-,,83
Tajikistan,B-,B3,,,25
Tanzania,,B1,,,
Thailand,BBB+,Baa1,BBB+,,65
Togo,B,B3,,,30
Trinidad and Tobago,BBB-,Ba1,,,55
Tunisia,N/A,B2,B+,,31
Turkey,B+,B1,BB-,BB (high),36
Uganda,B,B2,B+,,33
Ukraine,B,Caa1,B,,26
United Arab Emirates,AA,Aa2,AA,,90
United Kingdom,AA,Aa2,AA-,AAA,92
United States,AA+,Aaa,AAA,AAA,98
Uruguay,BBB,Baa2,BBB-,BBB (low),55
Uzbekistan,BB-,B1,BB-,,38
Venezuela,SD,WR,RD,,11
Vietnam,BB,Ba3,BB,,43
Zambia,CCC,Ca,CC,,30
